#Ah heck, this one has got one too
22,11,12,81,86,52,68,4,11,59,46,80,79,96,65,70,36,27,51,41,40,90,99,76,6,43,5,61,72,86,20,56,68,94,72,62,58,50,4,98,78,83,98,42,53,16,93,8,80,22,44,73,55,84,27,82,2,61,45,26,50,72,8,76,11,49,90,28,11,87,14,84,1,73,64,26,31,50,73,11,67,52,23,13,29,20,28,86,18,18,41,24,27,0,81,58,40,97,83,54
12,29,3,62,16,80,50,78,79,78,60,6,89,46,38,5,5,0,76,90,0,91,42,74,59,54,59,71,58,13,52,5,86,80,54,98,39,48,61,87,6,50,81,30,98,7,94,46,77,75,34,33,15,28,99,74,38,10,35,13,86,15,39,62,68,30,55,71,66,82,72,99,99,20,1,40,62,78,79,96,35,24,95,15,76,4,63,34,81,75,79,76,25,76,94,7,38,57,75,46
43,4,44,52,94,65,46,68,43,95,88,65,94,59,51,43,95,31,97,22,89,23,17,14,17,41,38,42,48,54,68,7,71,25,80,79,53,94,82,77,13,79,2,26,99,95,53,45,70,35,84,62,85,33,15,99,77,24,25,87,8,62,76,35,94,48,39,35,96,71,16,93,55,57,94,60,79,9,51,42,75,90,7,93,85,49,12,59,4,8,19,36,90,62,13,47,3,2,74,28
17,46,56,96,34,21,29,9,47,82,73,26,81,40,19,63,93,2,99,27,11,82,85,70,6,61,29,15,58,36,84,92,91,1,45,64,91,78,89,7,32,43,89,51,31,22,82,85,81,8,54,3,48,97,10,58,60,99,61,42,67,50,45,44,22,67,65,60,95,49,55,72,82,83,87,46,43,88,57,43,31,77,36,27,96,59,60,58,49,44,24,34,54,66,55,53,86,8,79,73
1,61,21,30,59,93,95,37,25,11,10,66,15,57,6,43,76,91,91,13,76,73,85,73,75,22,4,30,14,20,6,61,8,60,15,35,81,19,32,31,73,36,30,60,41,12,26,66,47,95,68,25,81,28,85,56,87,90,52,74,33,78,22,86,53,61,67,11,28,93,52,24,54,4,72,47,30,62,25,13,10,24,63,59,87,77,13,34,23,91,29,67,64,58,51,51,82,55,18,20
93,84,57,41,55,95,73,70,36,81,6,42,93,97,71,82,92,2,40,10,23,46,1,32,91,11,34,0,35,27,10,37,24,80,39,82,43,30,98,78,35,79,15,90,12,58,60,32,42,32,42,66,72,48,60,70,72,60,81,65,69,61,89,59,93,24,29,48,5,3,32,17,21,79,14,93,49,22,8,6,16,54,68,50,20,38,55,9,75,7,12,98,63,88,79,55,59,33,89,3
88,55,72,97,0,38,71,57,49,99,72,49,95,62,67,38,14,76,92,19,89,10,89,59,47,41,78,94,93,12,11,42,36,17,80,64,79,14,12,26,36,59,47,18,62,74,24,32,89,16,59,31,31,19,17,37,33,23,72,61,78,2,82,50,4,17,88,0,99,69,11,4,11,6,52,77,74,5,67,18,26,14,35,86,21,99,45,71,88,70,22,29,23,15,88,81,34,96,8,95
33,74,1,85,75,91,73,18,80,0,11,82,97,27,82,94,37,16,44,17,56,88,66,57,67,93,14,65,2,52,59,74,73,4,46,86,30,92,64,67,18,79,64,36,30,3,61,14,97,24,29,70,9,74,90,58,31,99,68,63,63,73,74,54,5,64,81,56,29,27,2,29,1,79,80,2,93,96,76,76,46,52,83,26,98,69,77,71,53,28,59,21,56,3,6,78,27,63,14,47
3,82,59,20,43,64,82,57,34,55,22,31,5,87,95,88,91,39,53,84,95,46,59,85,6,31,13,25,17,3,95,32,54,40,50,49,4,41,13,55,44,7,51,15,39,19,91,34,56,19,97,72,33,5,94,76,20,74,5,75,16,51,97,92,71,29,97,0,18,2,30,85,30,96,11,4,24,59,96,73,64,94,61,97,68,70,7,73,86,94,29,29,83,90,4,75,55,49,27,95
39,74,54,24,10,76,64,68,40,98,13,17,65,28,52,10,34,99,94,15,67,27,78,69,89,93,77,9,25,77,60,90,52,64,76,33,35,96,90,69,19,77,99,62,40,89,60,44,82,37,21,99,17,98,56,7,29,63,66,63,75,88,5,55,0,3,56,45,90,11,98,91,36,69,91,52,6,69,97,14,42,53,1,0,87,95,46,43,68,27,0,56,2,90,29,72,69,84,69,62
17,20,5,97,58,22,54,40,87,7,87,84,21,55,60,44,80,5,84,29,71,38,42,79,65,99,50,61,91,84,60,2,50,37,30,67,32,83,3,60,38,59,47,75,87,9,5,43,49,63,56,69,9,34,78,68,3,79,94,92,2,73,10,99,96,54,88,90,10,29,47,49,21,23,22,96,91,17,58,8,65,96,11,15,76,16,75,93,82,51,60,62,65,7,23,71,76,46,25,28
57,48,50,20,98,11,37,67,56,28,37,95,78,73,98,69,96,65,72,11,40,9,5,16,0,13,77,67,25,99,24,42,97,99,33,86,7,14,53,65,30,64,81,43,10,91,70,24,91,44,19,24,6,99,25,16,16,92,78,50,89,83,77,38,69,95,86,22,81,73,9,26,12,88,4,88,8,58,11,76,69,22,68,52,53,71,52,90,3,91,19,3,11,59,75,10,68,79,78,94
75,39,52,17,55,81,48,28,14,13,99,51,98,10,39,99,10,97,32,68,47,46,9,66,71,18,16,32,35,77,0,15,1,75,61,92,22,46,87,19,12,80,94,20,45,44,6,26,12,6,70,71,90,79,22,63,94,3,2,32,61,79,31,52,29,76,16,78,19,84,33,0,34,22,81,32,89,18,67,0,50,49,76,40,78,63,23,51,96,24,88,73,12,63,93,84,94,60,4,20
37,2,72,46,25,41,64,76,65,76,93,90,91,16,61,97,95,94,62,94,98,52,5,66,27,90,9,65,66,81,23,29,60,85,33,39,31,54,24,98,81,66,2,33,47,88,60,16,50,30,97,55,1,34,88,54,41,86,86,89,3,44,78,3,8,75,68,20,65,22,88,2,20,68,45,98,83,78,95,42,7,21,46,8,15,63,7,56,17,4,95,34,86,59,11,61,22,83,50,52
86,18,15,57,62,16,79,45,0,39,31,20,69,66,27,86,70,13,92,8,51,65,87,40,73,90,91,86,44,75,8,73,50,10,67,93,59,43,45,55,26,37,35,17,65,66,59,75,6,89,20,74,40,47,78,53,19,12,32,88,85,80,85,59,57,90,22,92,49,8,16,58,92,96,92,23,25,47,43,6,56,60,90,91,1,65,80,62,52,20,83,59,65,86,29,53,17,15,66,67
49,83,0,8,76,78,29,69,57,90,26,80,93,3,14,18,12,36,47,91,2,97,71,98,32,19,38,70,95,19,6,42,15,16,52,11,40,43,98,85,88,46,73,90,63,39,87,98,2,99,12,6,12,23,88,48,2,66,4,3,59,85,99,55,21,89,26,35,53,53,85,59,9,90,93,28,28,33,16,30,43,5,32,81,66,83,19,21,3,42,58,6,28,94,10,23,14,56,50,73
28,96,0,69,32,98,98,81,16,7,33,95,7,39,52,35,48,72,45,4,6,25,14,9,29,44,98,42,2,4,34,94,31,50,9,43,56,2,10,28,73,40,61,47,99,17,40,30,40,87,78,16,16,15,30,5,70,78,81,93,24,49,61,50,98,66,29,26,20,78,43,48,13,13,24,14,59,56,74,6,94,83,61,93,57,23,4,62,5,39,41,71,45,20,6,63,51,50,99,40
31,39,30,28,13,33,44,68,30,37,34,4,72,10,84,87,30,96,7,30,70,14,66,18,1,1,8,58,45,87,42,41,16,51,6,3,7,91,8,25,58,42,5,8,69,22,31,28,37,57,35,47,58,45,61,28,94,70,57,71,54,83,89,69,2,52,28,43,71,88,17,36,40,0,28,27,56,91,55,33,7,81,20,62,16,45,1,66,15,17,9,76,34,76,29,61,95,2,23,82
29,31,12,7,73,38,17,84,0,80,15,22,77,18,4,25,96,46,19,20,20,62,87,3,71,11,79,61,28,21,76,90,21,72,92,98,42,55,35,52,61,39,36,46,99,84,22,15,11,55,70,35,74,71,78,35,46,92,87,23,5,20,72,10,76,15,51,83,61,27,13,81,11,25,69,20,12,20,6,74,16,89,50,48,40,19,90,13,45,48,9,32,48,18,16,65,44,55,95,64
45,33,22,78,85,18,18,27,78,26,9,75,69,52,25,31,41,87,80,93,54,33,67,13,30,69,91,70,57,54,5,78,86,24,66,64,49,96,45,10,21,76,5,15,98,84,38,96,77,46,90,79,41,77,14,4,51,98,36,25,71,10,54,17,1,73,77,60,35,40,46,97,68,29,48,34,9,18,29,73,52,36,21,80,1,44,77,3,25,32,39,7,54,58,65,59,10,50,76,77
89,99,75,89,47,40,0,29,26,64,2,81,59,15,17,25,44,2,3,35,95,64,27,32,53,7,10,36,41,48,76,64,70,70,28,69,79,73,16,40,91,49,21,74,12,16,57,24,90,12,71,46,95,33,75,39,22,45,89,55,38,87,94,45,44,33,58,57,51,23,18,97,45,38,86,93,98,84,27,35,4,1,78,67,34,54,89,11,94,39,38,17,86,72,23,4,62,81,97,40
59,48,72,42,50,2,33,5,94,77,98,85,13,82,42,1,62,98,65,56,57,36,95,0,69,65,87,76,46,7,46,18,87,12,46,5,79,99,63,68,82,93,26,60,18,96,90,30,46,53,11,43,14,19,34,92,89,85,86,5,32,60,19,18,27,63,20,18,69,43,28,81,0,52,6,48,22,3,28,75,3,65,25,83,80,35,86,0,1,91,74,65,46,30,55,54,43,65,90,96
58,55,75,98,74,89,66,64,50,42,53,13,85,23,4,27,6,95,42,30,71,75,20,15,59,28,69,3,82,62,91,18,90,93,85,80,91,91,17,48,12,85,10,90,69,12,36,33,15,89,96,57,79,70,66,51,97,94,47,82,49,34,68,37,5,14,60,1,66,10,23,91,90,97,29,69,6,83,35,78,42,8,11,66,78,66,92,51,17,28,80,99,65,32,63,34,47,63,61,43
# Why is there a comment all the way down here?
69,79,42,1,44,27,63,72,56,48,65,92,55,15,85,12,26,58,8,40,71,70,82,7,50,74,32,48,44,25,33,45,35,89,52,33,90,77,71,12,15,13,16,41,91,88,98,72,8,12,97,22,96,82,16,74,21,11,12,71,15,47,16,28,30,65,73,97,42,91,11,15,77,27,18,67,2,12,73,23,26,20,75,83,41,83,89,96,49,51,66,88,65,39,55,52,95,41,41,5
64,97,50,34,39,22,97,20,14,89,17,76,20,52,82,66,62,22,84,60,36,34,27,23,77,73,34,11,80,47,36,23,43,52,20,19,75,65,59,3,36,31,18,33,80,1,27,57,57,67,17,27,40,83,21,48,40,21,21,20,46,72,20,70,96,19,69,88,77,54,72,8,48,12,42,16,38,91,82,38,31,4,93,39,4,25,41,48,30,76,2,8,69,10,99,99,48,54,81,55
51,45,91,16,58,58,86,53,59,50,62,31,76,37,64,37,73,25,97,30,85,41,65,79,80,73,23,95,26,17,81,78,13,86,57,41,48,34,89,8,29,82,49,5,3,18,7,14,68,5,91,87,48,26,7,20,21,57,83,25,18,4,31,62,4,11,32,45,36,72,25,11,82,14,68,58,29,20,31,70,38,57,45,41,33,91,79,33,45,3,78,52,69,83,0,70,7,16,75,25
37,41,64,16,71,63,20,39,45,42,80,47,60,60,93,0,58,5,30,38,4,97,19,60,57,33,43,91,49,52,1,15,43,81,91,52,76,94,24,40,60,68,49,34,23,17,12,34,94,94,4,31,22,72,21,94,2,71,83,13,90,42,96,55,70,16,6,75,61,43,94,92,77,10,38,12,8,55,12,13,51,88,20,81,4,62,79,16,56,32,74,46,47,81,92,80,61,26,11,44
94,66,6,70,23,61,34,34,8,99,18,94,61,11,55,80,79,6,69,13,68,43,54,16,98,82,28,92,65,36,29,63,58,29,80,39,17,74,75,58,87,35,55,7,96,32,32,15,2,97,65,24,24,47,37,26,64,93,95,44,39,27,96,90,36,58,93,25,30,20,9,19,22,90,16,89,75,40,62,72,37,16,98,24,18,35,4,96,89,32,0,20,76,50,49,73,51,83,82,16
59,87,94,2,53,38,2,44,89,86,99,26,45,63,41,66,90,14,94,86,80,71,96,39,62,65,97,91,18,4,84,39,81,16,34,27,4,30,80,83,13,0,97,12,60,55,10,12,92,74,11,70,83,75,61,18,1,39,31,26,66,24,11,86,88,16,33,45,10,35,48,82,88,29,12,49,67,42,22,13,49,86,99,8,81,33,84,95,68,68,39,48,83,48,16,7,22,41,55,98
13,85,91,82,60,49,78,11,57,33,18,86,15,94,84,59,69,73,88,57,88,36,90,50,71,77,7,64,63,21,75,37,46,29,64,93,57,80,34,98,46,21,34,85,15,52,46,70,0,73,92,77,20,36,77,66,45,7,89,97,6,3,7,10,48,96,48,69,69,99,67,64,23,50,3,15,90,40,31,54,10,24,49,76,31,35,50,40,15,40,96,67,69,95,73,38,26,99,26,41
52,41,0,47,77,31,57,91,84,13,8,59,15,3,4,25,86,75,37,28,34,9,19,30,3,4,99,85,15,72,46,51,20,57,56,52,31,26,80,9,0,16,1,86,94,54,19,24,21,76,32,59,13,38,45,38,13,38,36,55,14,94,38,82,3,19,17,17,82,27,35,76,9,28,49,13,4,93,43,87,70,18,40,52,94,80,41,77,44,60,79,62,36,35,61,88,27,9,52,47
9,83,93,46,69,59,42,37,79,18,8,85,86,83,95,77,91,7,11,58,59,34,80,83,13,13,95,15,44,87,55,18,40,13,16,54,1,7,43,31,42,21,20,8,92,68,99,39,1,34,70,33,8,34,59,26,74,29,58,98,55,1,26,86,89,94,81,3,53,86,68,80,86,1,2,23,48,0,81,61,97,28,38,18,59,65,31,48,48,71,41,84,66,32,3,30,37,66,7,86
35,96,54,7,37,79,47,43,32,97,9,81,72,98,56,51,20,56,0,57,21,23,22,63,63,90,29,30,8,18,28,80,80,71,6,48,11,52,1,33,59,81,48,52,60,68,7,40,63,29,54,17,54,38,50,98,71,13,80,7,47,17,40,24,19,19,59,44,1,3,1,73,17,41,74,15,54,59,42,39,48,96,6,98,37,58,14,10,52,59,48,33,77,44,32,40,34,56,9,86
37,6,65,92,80,35,36,67,96,22,61,29,89,51,17,83,55,94,16,90,74,5,76,93,3,65,88,96,57,64,85,45,66,0,41,4,92,78,62,25,51,7,17,78,72,81,46,41,50,92,67,64,35,89,96,76,31,92,98,5,99,86,86,28,13,62,6,36,27,13,89,55,32,98,24,25,52,36,66,41,77,19,4,7,0,82,3,62,26,97,91,14,53,38,3,67,48,84,0,80
54,20,10,2,99,35,46,93,31,33,82,99,12,6,30,8,10,22,21,17,72,5,51,88,40,60,69,70,21,97,81,5,97,70,64,98,15,4,43,9,21,64,32,57,14,62,48,89,39,98,43,56,0,21,43,89,45,62,55,54,80,51,55,64,24,82,10,2,43,30,42,95,0,44,35,94,93,87,1,3,95,52,17,39,60,1,91,41,64,70,82,10,67,45,67,65,20,88,35,91
90,75,47,28,50,6,31,4,76,44,73,26,73,11,77,36,82,71,48,5,25,95,3,36,12,61,98,23,48,29,40,36,3,85,57,44,84,58,40,23,94,75,72,66,35,44,19,65,62,66,85,93,26,90,6,41,1,43,74,49,34,81,79,31,11,59,74,98,9,73,78,88,67,69,20,17,67,98,8,95,64,3,16,20,43,17,36,14,47,69,61,83,24,74,41,74,1,50,28,58
36,62,48,47,43,21,17,44,1,48,48,20,21,28,22,60,9,64,68,12,32,71,33,18,17,20,71,53,73,76,3,26,54,49,77,76,0,13,23,1,78,25,22,57,66,6,41,11,85,63,9,45,10,11,67,52,70,8,0,25,71,32,93,96,9,95,21,90,61,73,4,35,76,72,29,35,98,64,25,19,74,63,32,26,52,38,10,9,95,36,17,92,73,69,51,65,43,72,12,62
0,73,55,60,96,24,99,92,44,46,27,37,59,37,94,37,14,92,76,84,23,87,50,16,12,14,24,32,62,3,15,22,74,49,27,87,25,15,5,68,70,3,46,16,59,15,60,65,56,31,96,45,68,17,21,33,60,8,32,12,57,54,33,93,13,45,80,18,8,61,3,46,56,64,17,21,17,65,44,9,65,38,43,56,44,80,83,88,88,16,6,33,66,63,97,34,13,31,13,99
79,96,9,30,76,29,84,86,62,98,69,0,90,96,3,49,42,15,13,67,86,84,12,30,17,83,93,6,0,95,56,75,52,79,32,7,16,63,6,36,90,61,10,60,59,7,10,4,43,36,7,66,92,99,46,27,13,96,5,11,99,58,43,69,79,86,41,16,91,45,40,87,36,72,18,40,83,67,74,99,63,41,26,64,59,79,99,57,48,38,84,90,68,14,10,31,29,66,30,85
56,24,3,72,78,84,22,95,61,84,56,84,75,72,34,70,56,86,48,10,26,65,83,98,14,77,6,63,79,74,64,23,53,66,91,76,59,86,66,87,50,59,97,13,53,55,73,18,72,52,5,22,89,25,36,74,8,45,39,19,34,38,45,65,55,6,37,16,94,62,53,7,66,40,86,0,54,87,54,12,11,92,3,97,32,43,53,56,27,22,82,36,13,89,8,58,25,11,3,16
73,68,62,9,37,66,49,1,20,55,75,92,63,74,93,5,80,77,19,61,0,87,32,0,66,19,37,58,55,99,54,37,48,94,45,95,51,23,10,78,79,94,13,88,34,84,54,28,11,51,48,8,36,55,65,28,83,87,48,99,95,16,5,18,87,5,49,5,95,63,10,71,38,19,90,51,8,83,68,67,34,99,91,48,23,18,72,50,25,49,16,87,21,78,23,98,14,17,13,7
74,13,62,37,86,31,19,50,70,42,22,75,65,77,52,91,87,78,97,56,14,1,24,74,67,50,29,71,36,12,55,42,32,26,84,47,35,51,67,17,64,20,79,9,78,74,7,13,45,11,17,2,18,6,41,42,98,6,41,78,94,29,36,46,28,71,91,88,45,31,15,70,72,21,40,83,96,68,81,60,81,88,17,75,44,37,28,27,35,61,12,76,95,66,61,42,7,86,2,80
72,16,89,62,3,82,22,91,84,68,26,53,50,68,48,71,10,99,77,61,33,56,4,27,63,4,94,68,54,9,76,25,7,64,20,75,9,39,66,67,56,94,13,29,62,60,9,80,21,36,19,70,9,76,58,5,16,37,91,32,21,43,20,41,8,81,3,20,21,40,26,66,3,58,45,73,19,14,14,60,36,49,46,79,54,14,90,89,36,59,37,79,16,54,56,51,94,59,17,66
96,35,4,98,51,39,93,47,75,88,24,68,66,40,14,52,86,52,92,88,79,13,9,81,71,60,49,49,42,27,71,9,43,83,96,93,19,37,99,50,46,63,79,85,31,86,48,62,92,85,94,64,88,72,66,81,36,48,6,86,88,82,27,11,33,10,87,79,9,85,7,45,26,96,43,15,75,86,67,35,81,42,68,53,49,54,88,78,32,70,73,53,98,73,5,68,44,65,37,37
37,23,36,73,43,22,7,44,5,52,93,49,28,31,6,7,97,90,1,28,19,94,81,67,61,83,51,1,85,44,82,34,51,58,33,53,55,80,60,26,97,66,56,10,13,55,85,20,68,9,87,33,95,77,88,37,65,8,57,75,3,41,66,44,92,29,43,57,15,94,50,30,54,12,19,86,65,35,98,41,69,4,74,14,68,2,33,41,4,95,89,43,83,53,44,41,81,84,18,33
20,90,11,81,30,83,25,66,49,40,92,10,16,10,50,16,55,65,98,8,95,27,17,65,13,29,38,25,18,61,62,66,98,34,84,87,33,65,2,87,9,70,76,71,24,88,10,99,12,63,99,89,93,91,82,70,56,93,5,97,5,60,85,4,84,95,67,74,47,74,12,45,81,89,95,72,8,31,17,92,38,43,65,97,26,43,3,49,44,68,54,1,14,5,5,64,86,58,56,16
44,12,10,92,57,34,72,95,20,97,85,65,7,49,89,77,12,49,48,90,53,73,66,8,8,11,5,73,73,75,23,24,85,26,54,75,12,36,57,52,96,43,24,75,15,82,2,48,18,71,48,1,7,5,48,2,0,18,35,64,41,38,94,72,47,31,98,99,2,12,36,46,68,54,20,1,52,62,13,72,58,18,43,54,45,13,81,9,45,48,29,22,82,94,91,75,9,24,5,66
77,10,73,53,30,58,96,81,53,36,77,93,8,34,99,84,76,89,11,85,13,69,70,14,38,87,83,62,77,52,21,92,37,77,13,13,52,64,38,41,81,3,66,14,85,20,68,44,34,93,48,96,8,3,25,72,54,97,55,20,23,56,98,5,10,39,13,71,87,51,53,32,9,45,65,48,50,47,53,1,6,92,36,86,53,0,81,55,5,37,74,57,71,90,11,70,86,64,72,19
52,60,37,3,1,13,99,6,86,29,72,81,23,69,2,81,10,21,14,73,42,98,47,85,1,60,73,21,83,71,1,17,54,92,45,29,56,20,87,22,44,49,38,79,91,73,42,92,0,40,11,41,62,9,61,55,26,23,18,85,53,57,87,89,67,61,46,53,13,99,45,58,60,4,34,3,45,63,29,56,92,88,72,49,23,43,97,16,3,50,23,50,95,46,61,22,65,75,32,97
81,31,5,17,67,31,87,18,97,14,39,39,10,33,41,95,23,72,9,14,84,75,54,77,83,27,47,40,91,18,90,86,33,56,34,21,92,27,63,87,97,8,70,99,55,28,45,4,13,0,50,86,67,34,46,78,52,26,57,67,12,74,18,63,10,86,68,0,3,22,84,17,21,53,84,50,64,36,59,83,64,52,50,15,67,0,35,10,99,12,34,59,78,71,9,0,98,15,87,27
31,28,83,21,94,87,20,35,48,90,20,56,34,89,78,32,20,79,93,62,74,87,36,86,93,58,25,21,19,24,46,81,6,35,24,81,2,85,11,0,61,48,78,5,5,74,25,47,30,58,61,69,34,37,35,69,88,16,42,33,36,53,64,80,4,45,18,21,82,22,50,24,52,81,12,70,44,26,48,37,70,56,66,0,88,10,83,63,68,72,42,72,64,14,17,36,26,67,94,83
23,29,32,55,46,94,42,49,98,90,4,97,46,99,52,49,19,95,56,34,74,52,45,11,53,78,13,95,41,54,31,97,29,61,51,48,98,41,41,26,16,32,13,46,50,60,98,65,96,23,71,36,79,87,85,47,3,89,21,18,55,12,89,10,22,98,82,43,21,11,94,41,38,99,83,29,4,21,79,89,7,23,76,84,87,49,64,11,91,41,18,98,37,9,52,3,17,25,27,89
91,27,42,1,79,56,19,32,72,79,67,31,66,32,15,62,60,17,69,24,4,7,23,21,14,16,51,30,85,42,71,26,85,73,63,46,58,4,7,31,68,90,27,21,76,24,88,97,5,43,56,93,22,39,20,63,31,68,69,71,99,99,78,27,97,17,28,71,60,39,26,10,21,30,69,77,10,54,90,76,17,28,48,29,57,10,73,40,15,8,3,67,52,83,60,84,68,85,86,99
86,75,5,84,51,93,3,65,45,95,39,45,96,64,43,51,64,0,35,56,50,47,96,61,17,18,70,14,83,2,17,94,83,10,80,12,22,78,11,26,9,46,94,80,15,84,89,49,66,12,82,92,74,57,93,32,15,16,22,16,96,64,41,28,40,97,57,29,74,28,45,55,63,33,75,80,32,47,84,71,24,13,95,48,39,68,53,76,28,15,77,7,85,27,15,7,99,65,60,67
86,32,84,48,26,43,20,52,25,89,28,96,23,95,39,85,58,11,16,23,62,30,87,75,26,33,38,67,77,6,23,4,26,45,56,43,96,43,49,33,88,7,97,64,64,60,43,77,26,43,64,96,80,33,94,77,18,52,73,50,90,56,41,29,31,30,72,82,51,52,61,44,15,43,15,55,39,16,16,67,66,73,20,1,81,68,41,58,32,52,28,90,67,25,50,10,39,58,33,79
42,52,58,20,68,97,17,40,82,5,57,92,29,98,19,10,36,50,0,89,61,85,9,74,66,75,3,66,88,73,84,4,70,11,81,32,15,18,83,81,37,55,68,37,3,98,80,95,7,43,48,11,75,99,79,74,70,43,7,41,18,75,47,12,26,74,52,13,59,20,22,95,30,84,24,18,81,52,15,25,2,33,44,64,33,73,60,76,97,87,47,96,38,50,95,87,71,92,20,26
8,74,10,45,23,30,93,92,37,34,61,7,12,70,73,8,47,91,38,91,90,41,80,35,83,44,55,90,84,3,81,45,52,29,91,85,68,65,83,55,54,67,59,82,59,12,60,17,97,69,62,21,99,61,23,5,19,10,8,63,37,23,91,61,88,32,21,74,81,30,55,57,38,84,81,51,23,31,22,74,30,57,62,76,46,54,37,99,77,77,76,50,89,29,34,64,39,88,23,85
91,46,42,66,12,26,8,88,67,34,1,57,22,38,90,29,46,78,97,55,66,65,85,47,33,25,29,30,74,2,19,62,58,66,33,98,65,53,45,94,7,58,36,17,11,7,51,34,63,66,45,49,42,25,7,58,25,62,87,20,94,21,24,90,58,42,83,15,84,16,47,97,33,46,95,75,86,40,51,85,84,91,24,93,40,46,26,75,7,51,58,88,16,0,78,90,94,52,47,24
66,87,37,73,24,82,96,2,55,3,30,0,77,26,80,96,55,84,76,22,63,87,87,3,10,45,40,96,63,0,60,87,1,82,82,50,89,38,4,48,72,61,74,81,65,80,13,11,71,80,57,53,56,39,7,65,20,78,46,49,25,16,17,89,90,34,77,13,42,98,86,31,84,53,30,86,10,34,40,80,68,71,93,57,34,98,9,54,55,97,43,78,8,28,7,46,4,56,6,99
80,42,6,98,95,52,29,23,66,10,19,40,29,61,56,95,44,32,22,73,88,73,99,36,87,53,63,70,80,55,17,30,61,26,33,55,41,31,27,64,63,23,20,62,4,31,1,48,77,71,60,57,55,0,21,22,5,6,57,47,3,23,20,24,0,77,31,32,68,43,37,90,95,62,20,62,91,7,43,0,19,27,43,37,27,53,73,68,21,81,57,4,28,51,29,17,25,93,84,7
28,9,26,10,11,61,8,18,48,52,12,21,68,59,37,23,96,19,11,96,80,5,42,51,51,97,17,28,15,45,70,85,84,32,49,69,44,45,15,9,80,96,89,8,30,6,57,61,27,90,45,47,97,97,33,24,78,45,6,92,72,52,88,77,41,10,18,15,42,7,72,59,13,47,85,42,90,90,99,57,41,97,58,27,35,7,88,45,94,25,76,77,79,40,10,16,16,10,22,63
27,70,50,72,16,68,87,27,87,54,13,59,91,68,44,61,93,99,7,85,26,71,58,96,86,21,67,6,42,91,89,41,58,87,53,92,45,14,64,16,37,36,55,14,76,64,60,93,57,50,26,62,46,31,72,11,50,37,66,3,81,32,91,21,62,40,88,80,94,9,71,51,76,0,6,11,77,14,38,38,87,23,63,22,4,40,14,1,19,48,98,60,72,57,71,19,26,69,56,2
86,87,8,71,15,8,79,70,6,55,17,82,19,62,60,0,60,54,6,22,54,61,73,83,15,24,70,33,67,9,84,33,83,43,26,9,58,50,21,6,12,68,10,98,68,44,85,26,82,9,72,76,38,31,70,32,44,9,13,41,7,56,34,77,15,56,14,85,56,53,22,36,25,58,67,56,11,17,99,87,48,97,18,15,62,63,6,86,18,77,15,73,41,36,98,12,78,81,66,16
51,67,83,23,99,83,84,35,82,98,12,58,80,93,75,83,7,73,81,65,28,45,61,77,76,2,86,51,4,64,88,43,75,33,7,66,26,99,23,74,72,8,25,84,6,70,27,74,61,17,74,97,20,70,62,70,11,15,16,98,52,18,50,52,44,9,9,65,31,97,73,68,52,70,24,11,6,53,74,58,22,49,86,26,19,0,78,80,2,49,54,64,77,61,9,29,39,15,4,10
10,90,58,94,29,33,53,77,88,53,20,15,79,8,38,83,63,26,65,90,36,11,32,77,1,56,69,73,76,50,87,92,8,34,40,10,95,81,14,56,49,17,73,98,67,98,85,43,84,59,72,67,39,89,63,95,36,69,55,48,95,40,46,25,10,39,77,6,36,78,4,75,9,17,6,11,79,61,49,37,60,27,64,85,90,44,56,55,8,64,89,19,28,45,61,43,42,38,97,93
60,24,98,71,58,54,54,6,25,42,5,93,87,86,90,83,24,0,21,19,72,28,33,4,20,75,28,18,87,45,82,6,49,99,91,14,79,38,57,25,91,77,59,80,69,65,88,85,49,94,26,67,46,8,48,30,44,1,17,37,67,0,29,18,38,8,84,37,40,43,70,14,27,96,68,53,82,35,52,32,7,25,97,82,85,30,61,54,55,76,3,17,50,28,55,6,61,8,1,58
60,53,94,63,50,64,40,45,54,49,23,79,62,66,26,0,70,86,73,13,35,60,53,20,82,35,56,26,21,36,88,7,1,47,36,0,95,74,7,78,50,38,35,82,84,18,37,84,41,83,94,52,41,11,63,25,27,35,67,41,48,48,75,2,63,35,57,71,10,45,96,40,14,96,75,35,61,30,28,56,14,45,68,53,78,68,93,61,6,54,67,47,67,37,58,15,63,23,7,15
54,24,67,5,17,45,30,93,61,95,56,47,82,44,61,66,0,81,52,56,98,99,76,90,31,7,3,0,12,75,52,96,7,58,18,0,78,28,10,93,36,18,48,39,4,14,4,2,7,83,36,4,30,60,59,86,93,52,95,31,27,98,58,36,14,99,57,94,13,61,5,17,66,97,99,63,60,7,69,91,22,41,13,45,49,62,20,72,34,53,14,15,81,12,68,9,40,27,67,54
97,79,89,3,38,88,74,85,86,70,96,57,19,45,97,4,93,17,31,29,65,89,38,95,3,49,54,75,20,10,36,41,96,75,82,32,67,32,28,49,32,14,46,15,3,27,80,60,16,2,54,26,63,93,35,40,10,55,39,33,5,11,53,28,68,20,21,44,27,47,75,30,39,55,20,98,74,36,20,82,12,29,35,4,98,95,75,16,79,17,21,2,3,58,77,69,47,41,99,97
97,90,80,3,20,1,4,28,51,86,16,16,28,57,67,90,66,9,23,17,84,68,23,30,3,38,7,61,3,6,78,83,11,99,67,25,11,26,71,33,23,32,86,43,23,66,66,0,13,37,91,54,60,1,29,76,11,71,50,6,26,30,2,64,82,15,64,96,60,13,34,47,20,35,54,92,50,76,51,82,73,51,14,41,86,21,14,73,91,80,18,93,66,75,33,57,83,65,54,65
58,27,61,59,80,81,58,81,85,17,79,98,0,47,57,95,33,97,99,76,99,21,28,47,83,3,7,11,88,92,50,34,26,27,49,59,29,62,33,25,99,50,19,27,61,36,18,24,35,52,60,27,85,15,11,41,83,95,96,89,3,48,89,50,48,85,85,22,90,56,2,38,31,26,42,6,18,27,31,86,6,1,70,47,51,90,43,95,22,99,98,76,16,67,49,68,20,54,71,27
47,28,90,59,74,83,44,25,11,1,60,77,21,57,2,90,0,28,85,7,1,72,5,18,36,82,3,91,10,53,12,39,16,85,11,72,58,30,49,53,3,83,34,91,83,85,55,59,91,2,41,87,51,81,71,81,35,13,91,92,99,77,24,12,97,53,9,17,10,81,44,0,89,39,13,83,40,57,90,81,74,19,43,71,16,9,51,44,49,68,51,95,48,5,57,46,13,11,44,45
40,23,17,41,43,49,2,56,10,49,17,28,37,18,89,42,76,65,92,18,51,21,39,47,3,97,12,7,51,50,6,68,43,0,64,23,44,17,92,56,85,37,85,63,15,28,96,14,54,49,46,69,29,10,59,6,76,0,68,44,32,82,34,67,76,51,62,3,51,32,53,61,81,63,45,1,89,41,38,95,42,48,48,54,2,13,13,60,62,24,71,24,45,53,84,35,7,78,22,39
93,85,97,80,85,14,78,2,4,89,47,49,56,89,17,20,2,96,64,21,37,37,40,61,35,9,95,16,95,46,46,7,80,38,82,80,36,51,96,55,76,96,75,58,86,49,46,96,69,54,58,17,16,52,92,82,15,29,14,53,74,76,24,23,40,13,99,89,66,31,25,65,74,69,95,43,15,13,80,74,25,41,60,33,28,24,98,39,90,97,12,95,54,38,85,40,0,0,50,77
72,5,64,49,58,13,32,96,76,50,80,14,56,62,95,95,61,42,90,18,39,53,29,60,7,1,93,79,95,90,41,55,41,53,9,63,1,29,97,28,7,61,12,11,59,6,70,0,0,61,87,24,87,81,33,23,59,37,50,43,27,78,28,36,84,76,22,29,34,81,83,63,69,75,27,57,60,36,27,53,47,82,32,89,64,60,25,74,96,13,29,76,29,10,89,11,57,66,41,11
59,89,56,63,7,57,16,61,94,38,46,88,50,25,11,71,88,94,88,69,99,81,96,9,8,76,17,99,11,13,52,35,36,45,99,68,97,72,28,48,61,17,13,71,23,22,44,92,91,78,99,62,3,35,68,69,18,21,32,96,90,42,49,72,15,27,27,39,85,14,51,70,81,36,18,60,84,97,37,71,73,95,13,8,0,31,78,61,94,60,94,51,88,91,97,18,10,59,38,98
24,13,49,67,6,38,66,2,4,74,97,71,31,56,48,74,49,81,21,35,80,58,33,46,87,68,73,63,82,29,75,28,8,95,6,5,64,36,66,78,21,67,83,62,9,10,22,28,65,52,19,94,54,56,90,9,53,42,48,92,95,13,13,74,79,35,66,2,68,49,82,10,17,77,26,87,30,29,96,79,16,31,3,82,56,26,57,55,9,3,64,78,98,49,97,78,83,55,62,45
72,63,86,79,40,13,17,5,48,14,14,41,81,59,31,8,66,48,89,23,50,3,25,96,20,62,54,40,88,1,41,16,36,40,69,78,70,54,97,96,29,48,52,99,61,45,40,3,15,61,94,71,61,5,80,86,98,87,65,54,18,14,17,82,32,58,89,89,35,21,75,99,98,88,96,48,50,69,5,15,89,88,45,84,86,81,42,29,61,16,76,44,92,77,5,10,60,71,8,58
86,40,66,7,16,60,54,56,92,64,70,26,50,92,98,88,50,30,60,56,0,23,86,17,37,42,49,94,44,9,16,51,50,91,89,26,72,99,6,93,71,53,44,18,25,14,22,31,97,65,25,93,73,58,6,58,76,81,13,96,49,12,55,80,61,60,44,35,65,15,65,4,16,50,99,18,6,14,30,64,58,36,66,88,53,93,82,80,69,1,66,0,80,69,8,30,75,94,33,47
72,32,15,50,10,28,26,62,76,59,72,76,13,77,54,20,77,33,85,0,67,54,2,15,31,57,67,67,73,5,43,64,23,18,48,40,49,39,8,65,17,42,24,64,62,36,5,2,82,50,38,59,33,73,19,68,56,49,55,72,27,90,88,21,22,50,22,34,72,41,67,33,34,71,47,93,39,12,53,22,10,68,26,81,85,19,6,66,75,17,53,37,59,66,24,47,18,55,33,76
47,0,53,16,64,97,74,33,57,47,68,92,86,22,16,67,73,33,10,32,66,50,84,34,93,98,21,42,70,73,47,56,11,38,62,87,40,16,34,18,67,84,57,12,97,76,37,71,69,68,6,11,69,88,96,86,28,63,48,62,28,1,43,35,35,0,13,10,39,8,44,25,45,0,91,72,45,7,39,22,63,23,73,18,18,42,72,12,74,1,62,40,64,84,62,48,43,39,51,48
41,78,72,43,79,23,16,62,83,87,88,16,1,59,1,76,76,96,27,98,57,66,79,89,46,79,80,83,97,51,97,30,69,47,29,10,18,29,35,10,27,37,34,36,99,33,38,85,56,11,96,99,37,10,55,5,8,77,63,56,67,43,6,17,47,32,20,4,73,74,92,77,62,59,37,98,93,90,19,71,95,60,74,62,5,58,44,49,21,6,57,27,48,66,99,45,48,35,91,0
59,26,15,1,80,94,43,64,15,71,37,15,68,86,52,88,34,75,21,5,80,92,86,80,22,34,75,54,92,76,61,4,88,49,35,96,7,61,97,81,67,88,90,93,96,62,66,48,31,0,39,99,37,61,23,3,19,6,55,21,77,14,61,86,2,84,32,23,16,39,95,4,35,19,80,46,74,76,30,59,67,73,37,77,70,42,92,84,55,11,16,13,80,54,37,43,0,10,24,91
39,95,97,26,13,8,74,6,48,73,93,71,25,63,90,16,26,94,6,58,18,6,13,95,91,62,1,67,83,9,99,6,18,3,94,23,94,5,30,46,72,8,26,0,13,18,49,31,40,60,26,54,39,79,90,56,1,16,21,20,78,4,47,38,95,23,3,19,85,42,79,69,12,4,3,80,82,95,88,32,19,93,66,16,6,48,91,84,92,0,26,62,30,50,52,61,78,44,12,91
65,80,9,8,19,85,45,16,66,7,72,34,53,80,62,12,75,50,27,9,29,42,47,60,45,53,61,2,12,3,27,85,12,8,17,88,51,72,11,45,21,89,89,11,26,62,36,43,12,0,7,88,49,36,17,46,51,35,27,48,50,22,44,47,36,58,56,17,95,42,18,79,82,12,11,86,37,75,26,95,22,89,3,28,10,92,81,15,59,45,88,95,42,57,11,40,49,3,72,35
23,63,59,58,59,38,47,46,19,46,41,12,91,7,21,81,79,45,73,80,68,29,64,82,17,12,60,76,68,21,41,84,83,49,4,75,72,40,94,17,12,39,79,9,76,97,82,78,0,25,75,75,4,61,8,56,30,1,42,50,31,26,93,8,13,39,0,19,0,4,72,25,97,38,31,38,0,6,41,39,66,68,25,48,17,18,18,36,7,20,97,10,24,57,80,46,4,68,63,53
79,29,7,78,73,17,62,4,92,92,47,86,1,70,9,69,48,62,38,8,97,86,52,95,21,26,19,67,23,52,44,76,32,38,20,89,18,54,96,73,58,21,82,68,81,59,5,99,43,96,27,14,82,35,24,26,67,82,66,86,37,16,54,35,83,75,7,37,19,88,93,29,10,43,8,94,71,37,60,46,14,21,60,81,51,88,53,49,4,55,92,63,48,50,47,31,72,19,92,20
65,73,45,32,7,88,74,76,41,39,97,11,54,69,68,21,1,66,21,29,35,35,58,39,92,14,32,9,63,80,8,74,95,82,55,53,6,3,38,99,2,8,45,59,82,93,64,15,4,76,25,95,86,20,40,46,57,69,53,98,67,20,78,46,83,16,13,58,32,76,62,77,94,87,84,92,99,8,93,1,22,25,42,15,33,76,25,34,38,16,9,19,80,78,83,4,8,1,76,95
21,45,87,44,95,34,46,4,38,37,78,4,86,15,39,55,69,70,25,94,96,38,23,18,85,6,3,78,53,87,65,76,10,71,55,10,78,31,20,6,94,14,70,90,83,20,64,20,11,25,28,93,74,35,97,99,53,86,16,27,89,86,77,18,58,17,96,94,10,25,63,23,31,45,62,17,85,70,51,80,84,69,53,87,13,52,68,19,50,85,77,59,25,21,76,64,92,25,27,14
71,35,75,20,51,74,4,78,17,35,93,70,36,48,30,40,28,65,35,74,21,72,91,70,31,66,80,12,61,66,76,37,74,79,86,20,1,19,53,72,0,46,10,15,41,25,18,27,19,85,9,79,12,71,1,84,21,33,28,70,23,11,5,26,94,95,99,77,86,73,33,19,46,40,4,86,86,46,21,79,10,63,42,80,14,84,11,84,56,24,3,6,85,4,6,38,84,34,66,92
43,38,7,55,15,63,31,10,60,53,44,47,86,86,12,60,29,49,99,40,9,51,59,87,62,52,90,96,30,34,78,45,39,88,35,34,66,36,33,35,43,61,89,30,59,63,93,72,45,19,5,90,21,68,58,41,48,61,13,2,1,65,70,83,77,58,63,30,1,4,26,87,39,12,6,63,65,3,48,79,61,4,47,73,8,84,46,14,51,94,56,15,50,13,61,12,97,67,89,8
67,34,13,90,58,36,58,62,62,85,28,12,25,13,82,66,99,88,97,64,42,2,1,23,69,99,35,47,34,23,32,4,20,73,97,52,74,9,10,29,47,28,63,81,49,70,39,84,84,91,83,4,51,94,56,25,94,33,6,6,37,79,12,35,73,78,82,91,95,86,17,10,42,19,37,31,12,78,52,97,54,23,64,95,20,63,47,54,79,53,32,82,24,22,45,5,90,62,90,87
75,18,40,86,24,88,26,88,53,20,61,57,89,71,98,9,76,19,55,80,1,56,2,94,88,31,43,64,32,36,40,44,8,25,93,63,15,63,14,66,69,22,5,89,90,12,26,11,90,39,84,17,71,37,98,2,84,74,51,44,43,5,26,48,24,88,56,23,47,7,90,74,35,42,71,5,42,13,13,46,23,3,46,9,90,91,35,94,78,2,82,77,86,39,46,9,0,27,18,68
88,88,1,97,6,93,85,21,42,85,10,74,7,0,42,60,50,35,93,18,37,12,97,75,91,33,31,94,80,56,9,12,9,63,58,59,68,22,77,72,5,96,39,97,24,59,94,18,41,52,33,15,90,23,3,53,98,6,65,10,8,72,87,1,93,31,52,73,42,3,71,10,23,0,52,83,52,73,97,99,1,9,41,40,83,65,58,28,24,95,22,20,44,15,34,62,71,2,52,18
86,80,49,78,77,41,34,28,61,5,3,92,37,55,96,41,87,78,48,99,35,84,56,26,36,25,7,41,49,41,25,84,95,78,91,59,39,35,96,57,66,20,99,44,26,22,73,25,24,13,45,13,11,56,23,0,29,27,55,60,46,97,73,18,19,27,24,80,41,91,46,94,40,13,66,6,64,77,77,81,17,86,39,64,60,18,42,21,15,7,83,34,76,8,24,32,0,98,6,87
79,10,80,8,70,99,8,21,17,20,51,24,92,25,83,92,93,10,76,27,9,80,18,39,98,52,56,60,22,53,37,53,8,62,15,46,56,92,64,82,11,2,63,8,85,57,16,45,0,59,11,24,13,63,85,36,53,27,13,26,77,90,49,33,70,10,25,64,2,87,73,68,49,19,6,86,43,78,65,76,15,20,49,29,89,17,29,1,66,93,55,89,14,12,23,81,92,87,99,52
78,44,62,78,93,60,35,32,9,29,64,83,32,82,13,45,78,97,57,77,61,16,19,46,26,56,8,26,73,72,93,54,64,60,86,22,70,46,30,98,53,91,89,43,5,12,96,43,56,78,65,41,13,76,90,66,49,68,80,21,83,96,74,7,91,31,59,15,95,77,11,29,38,27,39,79,35,24,52,54,34,97,12,82,78,53,44,48,40,58,59,12,61,96,77,58,34,86,74,85
10,67,21,84,85,21,27,47,26,99,93,46,29,22,50,70,19,30,15,50,90,50,31,8,85,14,98,8,97,76,91,48,43,80,78,88,86,27,98,56,37,86,55,47,8,31,43,82,18,34,86,29,10,21,3,38,66,87,8,92,7,22,77,55,46,24,4,18,16,50,93,24,85,30,89,8,82,6,82,65,60,76,30,2,68,30,86,41,44,2,36,47,18,63,25,25,12,35,29,34
37,87,83,18,46,34,72,68,60,71,20,30,0,50,37,98,50,27,35,16,43,99,40,89,36,7,67,36,82,80,44,78,94,34,62,25,15,35,57,33,17,85,27,1,83,19,37,22,46,59,32,2,74,18,11,66,68,70,88,30,27,58,24,34,52,83,98,84,43,4,50,15,12,61,23,36,99,72,33,69,79,65,99,75,21,49,24,12,84,54,37,3,83,63,68,77,25,84,52,55
69,31,92,67,38,14,60,3,92,52,0,7,70,48,56,67,49,87,37,27,79,6,45,9,19,95,26,27,64,60,2,2,49,36,68,65,58,77,65,28,57,47,28,24,32,30,59,55,69,41,11,56,93,93,79,85,72,72,78,14,99,64,77,61,27,51,48,5,23,66,62,34,6,94,71,12,75,42,43,36,0,37,69,26,14,98,41,53,74,67,82,59,85,97,9,63,17,73,16,74
# It's almost like Jack is trying to tell me something...